index,abs_eigenvalue
1,5.607278051041695
2,2.8125220580891233
3,1.578969863310339
4,1.4379186342479773
5,1.284508027874693
6,1.186660835993806
7,1.0480372714586372
8,0.9993136462291876
9,0.9671360192963175
10,0.9437498155652111
11,0.9291334012360102
12,0.9071748863799781
13,0.8854380712732183
14,0.8755995869392857
15,0.8533336838255781
16,0.8474369737145891
17,0.8345023221364597
18,0.8274804891633589
19,0.8104411469602739
20,0.7980026766881192
21,0.7879508695118481
22,0.7788298573053422
23,0.7740783906648866
24,0.7656499787048463
25,0.7580311974704125
26,0.7476793570953503
27,0.739721792540116
28,0.7234366580389675
29,0.7213327517393402
30,0.7105685535726117
31,0.7049714728358539
32,0.6891367049271
33,0.6819470028782864
34,0.6785534736408101
35,0.6684195205048103
36,0.6653313902963092
37,0.6526994496204092
38,0.6499796616077941
39,0.6413234129548493
40,0.6366710718147174
41,0.6250091115513798
42,0.6226189725863056
43,0.6190510109726337
44,0.6079015962955213
45,0.6069286888447342
46,0.5976632603198204
47,0.5919864378731097
48,0.5823108262829638
49,0.580638979028757
50,0.574858960725382
51,0.5672353112724203
52,0.564293947035421
53,0.5564669678081708
54,0.5537641827287401
55,0.5458914044940204
56,0.5435099959010783
57,0.5380518576020915
58,0.5356187300088483
59,0.5259127002085852
60,0.5218187641218454
61,0.5189743681714017
62,0.5148629001569169
63,0.5055885025263828
64,0.5035034978467319
65,0.49927335286432317
66,0.4933908533963114
67,0.4911135554847186
68,0.4828138283958101
69,0.48122506614968324
70,0.4751825569225243
71,0.47131568734188833
72,0.47040967083641233
73,0.4632580276215956
74,0.4618678775318208
75,0.4544405702033479
76,0.4524752519080025
77,0.45046831220374295
78,0.44807038095341845
79,0.44502917122743113
80,0.43826580690883943
81,0.43716786174982963
82,0.43181992234203415
83,0.4243037177935299
84,0.4168523273171871
85,0.4151742382794483
86,0.4110829195345448
87,0.40901461917192977
88,0.40532168609947894
89,0.4009684478705883
90,0.396391154032544
91,0.39544835108200904
92,0.39116794196709065
93,0.3884709957486864
94,0.3846192710564262
95,0.38331898095295686
96,0.378786405239586
97,0.37546559868699175
98,0.37463339498858705
99,0.36966222961631245
100,0.3673840271993547
101,0.36501039370966587
102,0.3563802456752621
103,0.3537721058558313
104,0.3499953025459314
105,0.3463993124494187
106,0.34599123069380294
107,0.34182382473984985
108,0.3373874291664298
109,0.335760078680188
110,0.33031021377907105
111,0.328999460510391
112,0.3252792735117007
113,0.3220171915739156
114,0.32024853896435346
115,0.31551860977170465
116,0.3118493057758615
117,0.3062231932306946
118,0.3055755579938388
119,0.30256292321365025
120,0.29563140744199884
121,0.29378089206186203
122,0.2915259954891231
123,0.29149587948892075
124,0.2856649018817244
125,0.2843760291117865
126,0.2834360089407075
127,0.2794143394243269
128,0.27766265696542575
129,0.2753019408802692
130,0.2737328123526667
131,0.2694730198450176
132,0.26543216313304324
133,0.2633576550324468
134,0.25827017146549197
135,0.25483418922458045
136,0.2532330956689145
137,0.2480332545674709
138,0.2468429499676738
139,0.24046363279916275
140,0.23923041469202486
141,0.23616230170737065
142,0.23262032532615387
143,0.23171266883141955
144,0.22663200908410913
145,0.2239009054664335
146,0.22309994786431553
147,0.21947237672851425
148,0.21386321226362262
149,0.21334101114845136
150,0.21075403144559798
151,0.20879058358340233
152,0.20584974120239477
153,0.20380505554314662
154,0.20093301622189427
155,0.19999851965824356
156,0.19591434861462065
157,0.19036814194708457
158,0.18778602442583403
159,0.1822480077397674
160,0.18138654264401138
161,0.1802745240404915
162,0.17701956422811743
163,0.1753987179205091
164,0.1726976420848064
165,0.17090905258944553
166,0.16634469402233734
167,0.16365188746442047
168,0.1628480204492242
169,0.1593830398925295
170,0.15605428885540054
171,0.15329217990176297
172,0.15171102529710034
173,0.15123561585156806
174,0.14872671523947226
175,0.14597474772700061
176,0.14331245150969218
177,0.14242014868441186
178,0.14121136788763453
179,0.13833853125038387
180,0.132947613519494
181,0.12949399323930613
182,0.12808471058457332
183,0.12429205503663895
184,0.12190262736321945
185,0.1195148530228321
186,0.11680819040991894
187,0.11177037401720567
188,0.1106799431725015
189,0.10823363091945597
190,0.10466076192826942
191,0.10245812359450715
192,0.09950393218144207
193,0.09743213027894458
194,0.0966273880024658
195,0.09028591053816318
196,0.08830372560546756
197,0.08740519691766026
198,0.08490824521181745
199,0.0818194535328299
200,0.08076067156992743
201,0.07909956335100911
202,0.07874910204415743
203,0.07396527897982588
204,0.07066272478480497
205,0.06934163321429618
206,0.0690679624551771
207,0.06657760548491526
208,0.06355448447095274
209,0.06161436470401522
210,0.05979013049511536
211,0.05381158204091418
212,0.04980336976332003
213,0.04821421350224157
214,0.04651364482269115
215,0.04352558429244318
216,0.042217578213349254
217,0.04060990866622735
218,0.03726659656181835
219,0.034713580254041025
220,0.03171201127927702
221,0.02935017647954665
222,0.02739975249898914
223,0.02216869589103078
224,0.02081238326725652
225,0.017750805166657575
226,0.013555283264070236
227,0.01318204800301559
228,0.010820572266646752
229,0.009433997802373235
230,0.007891468977797703
231,0.00555758448268432
232,0.003981846107326499
233,6.955094587991848e-17
234,9.370657773649183e-17
235,2.328010367347061e-16
236,4.3812248837462246e-16
237,0.0008239823234865862
238,0.00269740186733124
239,0.005935381133265554
240,0.007022064626184556
241,0.008577990074448542
242,0.011900189059910025
243,0.012404386673685555
244,0.016250792220488777
245,0.018045342248063277
246,0.021086942876422776
247,0.021515161497429904
248,0.024197137262595547
249,0.025175801397848314
250,0.028427088590380782
251,0.031052393269975363
252,0.03357209527778311
253,0.03405165885752769
254,0.03869276808459907
255,0.04049518592780885
256,0.04442529123038586
257,0.04573499650619987
258,0.04904219722481521
259,0.049945009753875655
260,0.05178064089330658
261,0.05544721116280283
262,0.05996239596710706
263,0.06121511034828293
264,0.06344155582711368
265,0.06783869782959377
266,0.06861552774346213
267,0.07205869013786914
268,0.0743103317396478
269,0.0756435541754906
270,0.0762479495996865
271,0.08035550696731342
272,0.08341798991513147
273,0.08485754336869421
274,0.08597291562279101
275,0.08932384335356292
276,0.09264747228447309
277,0.09814745780106782
278,0.0992805135733194
279,0.10092147423912128
280,0.10211748698848842
281,0.10480303998833522
282,0.10732689195194517
283,0.1106141660674991
284,0.11220255915168026
285,0.11558997195671429
286,0.12104487141267925
287,0.12161087104702527
288,0.12253905880298732
289,0.12545395941472356
290,0.12785269298765264
291,0.13112289240874908
292,0.135314861031934
293,0.13830632697913314
294,0.13892441720402313
295,0.1398723973973724
296,0.14522820847252457
297,0.14583640820917296
298,0.15130485773118563
299,0.15304071400394484
300,0.15565121229932097
301,0.15698512497202127
302,0.16005779953655475
303,0.1623754037810494
304,0.16467247183417655
305,0.16987166806470064
306,0.1712839412361177
307,0.17551542673197792
308,0.17677318520598823
309,0.17886364407468947
310,0.1817072382531528
311,0.18285128420890356
312,0.18455911190225963
313,0.18917145405605112
314,0.19118356324672928
315,0.19381663037475522
316,0.19695296446237667
317,0.19931719383432792
318,0.20051344234206908
319,0.20270129035377946
320,0.20515044021612147
321,0.21165815123659912
322,0.2176590807068646
323,0.2183181442731451
324,0.22103292793280888
325,0.22227590368117808
326,0.22565655783848843
327,0.22991617095521144
328,0.2334958407505303
329,0.23451364895608506
330,0.2379132243737366
331,0.23991913919326197
332,0.24312598670849733
333,0.24541029702015812
334,0.24870597870032934
335,0.25053802329597963
336,0.2539132963925269
337,0.2576179605399104
338,0.2601004712449502
339,0.26412419488184796
340,0.26504132717626405
341,0.26937554857797513
342,0.27436697718067177
343,0.2768935154734195
344,0.2812942943974251
345,0.2835285222043471
346,0.28698461426192007
347,0.2915876672136858
348,0.29209080117030506
349,0.2962320910916787
350,0.2980589406458122
351,0.3002320950920504
352,0.3052169390139814
353,0.30775662962201145
354,0.31265741980370293
355,0.31442181562367677
356,0.31855047482027865
357,0.32580586186628524
358,0.32850386079120186
359,0.3313387448454379
360,0.33542876860059934
361,0.3393586877312226
362,0.3417508812693043
363,0.34371539920190186
364,0.3449627997264503
365,0.34968686313453307
366,0.3526937680453079
367,0.3570375423016327
368,0.35872048206583623
369,0.35921764476733065
370,0.36303835992370165
371,0.36903934741430483
372,0.37074136318324646
373,0.3761893777668546
374,0.3799365469259082
375,0.3841296994700347
376,0.3855730484653199
377,0.3891539565828399
378,0.39076584450841767
379,0.3949094941453452
380,0.3999175247498904
381,0.4034824612290447
382,0.4076719962715548
383,0.41601504904820336
384,0.4171745948811109
385,0.4259565151797594
386,0.42677160213147886
387,0.4286227313561729
388,0.43103104000689874
389,0.43602943272251776
390,0.4383124187409242
391,0.4426484567576512
392,0.44374235149290525
393,0.4468717384544545
394,0.45172817416974886
395,0.45675909615359733
396,0.46052691473132706
397,0.46755193055502803
398,0.47135642358474417
399,0.47350303866041443
400,0.4781897299588382
401,0.4820263447416561
402,0.48520232376549827
403,0.49355604028445027
404,0.5027847567823739
405,0.5066433678576715
406,0.5119794542361957
407,0.5172146268466458
408,0.5208092721738682
409,0.5240665560039695
410,0.5359815162668965
411,0.5434108221102224
412,0.5489356993724416
413,0.5504139290945356
414,0.5519173556164435
415,0.5635996743648148
416,0.5666149010950517
417,0.5719479661197144
418,0.5779373387246143
419,0.5820183319285652
420,0.5830973198146585
421,0.5919679052382847
422,0.5971397918592635
423,0.6036146094336376
424,0.6075569997610997
425,0.615261802094339
426,0.6200096080300885
427,0.6222601531179034
428,0.6313220831103462
429,0.6387847050080024
430,0.6418054903823606
431,0.6471701004112235
432,0.6585774501727943
433,0.6609901455114364
434,0.6651085620745326
435,0.6857706379504225
436,0.6885256046829518
437,0.6986848281672775
438,0.7007458183008681
439,0.7092193245065795
440,0.712859634601008
441,0.7313161230337161
442,0.733106337551051
443,0.7453318039165712
444,0.7521254030590221
445,0.7708865027135205
446,0.7792271082170532
447,0.7870203525914753
448,0.8031922729532099
449,0.8112812247139136
450,0.8320275105219678
451,0.8421703893753323
452,0.8459374070824041
453,0.8520117791622865
454,0.8747899304175016
455,0.8760724211050229
456,0.8834320077342986
457,0.9166882680331757
458,0.951937999048388
459,0.9596036454331427
460,0.9901709270989181
461,1.0982552701418702
462,1.1378843318339638
463,1.1660998833243141
464,1.4802660575265196
465,2.15769699761723
466,2.5469962807514737
467,6.741968610122408
